id;date;arrival;departure;extra_info;firstname;lastname;address;city;zipCode;mobilePhone
"45";"2022-06-26";"0852";"0645";"0";"Christelle";"Bernier";"854 Kiehn Mill 65";"New Annabellmouth";"37457-1349";"+358939919057"
"37";"2022-06-25";"0656";"0949";"0";"Garnett";"Stracke";"64983 Kristian Estates 11";"Lake Omariborough";"59062-9310";"+358064167239"
"35";"2022-06-27";"0644";"0846";"0";"Christa";"Cremin";"562 Kaylah Track 4";"Gerholdview";"67607";"+358021231972"
"169";"2022-06-25";"0614";"0653";"0";"Krista";"Kerluke";"1828 Herman Forks 75";"West Aliceville";"41575-0961";"+358396270689"
"138";"2022-06-24";"0626";"0643";"0";"Glenna";"Heathcote";"464 Haley Spring 34";"New Ivoryfort";"72714-5381";"+358171487334"
"187";"2022-06-26";"0859";"0621";"0";"Sarai";"Lesch";"9896 Bergnaum Turnpike 51";"Dickinsonfield";"19616";"+358862847190"
"5";"2022-06-26";"0932";"0618";"0";"Graciela";"Hickle";"3938 Schroeder Course 64";"Malikaville";"36546";"+358702175815"
"139";"2022-06-26";"0830";"0748";"0";"Karen";"Weimann";"8566 Greenholt Point 45";"Hillsborough";"89203-8135";"+358491173395"
"194";"2022-06-24";"0620";"0959";"0";"Edgar";"Cronin";"4984 Medhurst Unions 43";"Lake Eulalia";"73216";"+358478670922"
"31";"2022-06-27";"0630";"0931";"0";"Christelle";"Mosciski";"286 Hellen Walks 35";"Lake Fayebury";"86249-0769";"+358527494091"
"168";"2022-06-26";"0652";"0750";"0";"Zack";"Baumbach";"7328 Schuppe Plaza 30";"East Everette";"34859-2877";"+358010878154"
"38";"2022-06-26";"0933";"0713";"0";"Darian";"Kreiger";"7799 Hudson Pass 84";"Rickeytown";"82210";"+358139945583"
"92";"2022-06-24";"0820";"0613";"0";"Robb";"Romaguera";"1659 Towne Plains 82";"Hahnmouth";"31239";"+358042937127"
"174";"2022-06-24";"0722";"0946";"0";"Barrett";"Conn";"2261 Reid Forges 20";"Salem";"14526";"+358178224736"
"0";"2022-06-24";"0639";"0827";"0";"Chadrick";"Christiansen";"4109 Monte Brook 66";"Keonstead";"88568";"+358898758832"
"96";"2022-06-26";"0830";"0749";"0";"Gerda";"Pfannerstill";"496 Toby Knolls 61";"Fort Ashly";"37311";"+358514280488"
"198";"2022-06-26";"0926";"0941";"0";"Clotilde";"Waters";"3189 Angel Place 83";"North Fredy";"21671";"+358572309708"
"83";"2022-06-27";"0643";"0922";"0";"Jorge";"Stokes";"83093 Lockman Prairie 61";"North Mossie";"18741-4479";"+358811605844"
"101";"2022-06-24";"0922";"0823";"0";"Hilma";"Osinski";"5750 Kshlerin Road 42";"Katlynnfurt";"18290";"+358866750163"
"110";"2022-06-24";"0814";"0841";"0";"Gussie";"Kilback";"310 Ernestina Common 41";"West Sydniberg";"87547-8685";"+358478199494"
"57";"2022-06-27";"0629";"0731";"0";"Daphne";"Reilly";"112 Loy Orchard 68";"Considinehaven";"62754";"+358810257757"
"54";"2022-06-27";"0856";"0927";"0";"Jonatan";"Abbott";"454 Tanner Squares 79";"Boyleton";"32452";"+358015871628"
"1";"2022-06-26";"0730";"0620";"0";"Hollis";"Casper";"792 Kiehn Key 24";"Bransonfort";"76175-7077";"+358511206199"
"98";"2022-06-25";"0953";"0843";"0";"Alicia";"Witting";"79946 Johnson Tunnel 12";"Wilbertside";"82265";"+358535489546"
"166";"2022-06-24";"0942";"0843";"0";"Frida";"Hilpert";"1167 Estell Run 33";"Albany";"46743-2242";"+358113135978"
"25";"2022-06-24";"0947";"0858";"0";"Curt";"Kris";"7467 Dare Green 82";"Irving";"12478-1353";"+358960438327"
"178";"2022-06-25";"0925";"0953";"0";"Joelle";"Morissette";"69620 Carter Fords 11";"Rosaleemouth";"73014";"+358897395564"
"38";"2022-06-25";"0719";"0954";"0";"Cristian";"West";"943 London Crest 80";"Julienfield";"57325";"+358786310743"
"188";"2022-06-24";"0733";"0648";"0";"Vernice";"Moore";"3448 Gorczany Freeway 51";"West Malloryland";"25756-9082";"+358936081449"
"68";"2022-06-25";"0710";"0621";"0";"Horace";"Bailey";"725 Kirlin Harbor 1";"Jaceburgh";"91370";"+358560803075"
"104";"2022-06-25";"0731";"0838";"0";"Bryana";"Kilback";"4393 Ottis Drive 15";"West Augustusview";"31187-2599";"+358380340222"
"71";"2022-06-24";"0736";"0739";"0";"Chanelle";"Moore";"832 Hamill Bridge 7";"Waldorf";"72381-2415";"+358714597783"
"78";"2022-06-26";"0752";"0713";"0";"Hermina";"Kunde";"24279 Little Mill 87";"West Jeramy";"26823-3234";"+358106862654"
"90";"2022-06-25";"0822";"0820";"0";"Anjali";"Thiel";"13078 Koss Glen 96";"Pawtucket";"53502-5754";"+358619262619"
"111";"2022-06-27";"0725";"0925";"0";"Chaya";"Renner";"72290 Jenkins Inlet 52";"Casperberg";"16560-8952";"+358921267271"
"154";"2022-06-25";"0955";"0616";"0";"Isaias";"Quitzon";"810 Hauck Path 39";"Fort Eileenfurt";"25562";"+358842990322"
"134";"2022-06-25";"0658";"0814";"0";"Jayda";"Bahringer";"272 Beverly Port 74";"Barnstable Town";"80633-8028";"+358028140493"
"135";"2022-06-25";"0649";"0819";"0";"Whitney";"Rosenbaum";"156 Baylee Loaf 26";"Port Amieburgh";"91101";"+358524732515"
"19";"2022-06-26";"0812";"0816";"0";"Mason";"Beier";"1049 Reinger Isle 22";"Ilianaville";"59096-5149";"+358045540089"
"123";"2022-06-24";"0622";"0712";"0";"Aaliyah";"Hayes";"406 Herzog Cliffs 98";"Parkerfield";"32076";"+358892786472"
"83";"2022-06-24";"0622";"0644";"0";"Lester";"Zboncak";"98319 Elmo Branch 39";"Port Priscilla";"66819";"+358310035915"
"17";"2022-06-24";"0959";"0742";"0";"Deon";"Quigley";"383 Jordane Run 86";"Rodfield";"11502-9091";"+358323795620"
"179";"2022-06-26";"0819";"0811";"0";"Rosina";"Balistreri";"029 McGlynn Rest 93";"New Ulisesberg";"50373-2073";"+358309422674"
"134";"2022-06-25";"0813";"0843";"0";"Demond";"Cruickshank";"75011 Walker Village 78";"Garrettshire";"83645-5683";"+358214396627"
"91";"2022-06-27";"0652";"0842";"0";"Lisette";"Gislason";"84704 Treutel Plaza 91";"Wilmington";"80248";"+358766455808"
"76";"2022-06-24";"0933";"0759";"0";"Mariana";"Maggio";"07459 Mona Ridge 16";"South Kadin";"24940";"+358743199165"
"136";"2022-06-24";"0632";"0624";"0";"Arlo";"Padberg";"16313 Augusta Flat 26";"Troy";"55035-4292";"+358109990951"
"66";"2022-06-26";"0848";"0922";"0";"Trystan";"Ritchie";"55886 Reichert Course 32";"Hempstead";"61804";"+358721926237"
"82";"2022-06-24";"0950";"0957";"0";"Audra";"King";"175 Rhoda Skyway 93";"Palo Alto";"80446-4854";"+358161511310"
"80";"2022-06-25";"0847";"0816";"0";"Wilson";"Herzog";"307 Margot Gateway 75";"East Odacester";"01443";"+358441036178"
"5";"2022-06-24";"0926";"0747";"0";"Annabell";"Herzog";"1636 Hettinger Orchard 25";"Enochborough";"60266-6267";"+358067927485"
"102";"2022-06-25";"0957";"0938";"0";"Rosalyn";"Hansen";"32800 Wuckert Fork 73";"Lake Christine";"65459";"+358288386673"
"161";"2022-06-27";"0841";"0843";"0";"Carmen";"Parker";"846 Margaret Tunnel 15";"Fort Bernadineton";"53030-8104";"+358758198992"
"106";"2022-06-25";"0922";"0955";"0";"Lelah";"Schamberger";"18737 Gunner Lights 51";"Trantowstad";"58029";"+358195471464"
"48";"2022-06-25";"0847";"0923";"0";"Matt";"Heaney";"612 Earline Dam 89";"Fort Reganstead";"75356";"+358627072378"
"186";"2022-06-26";"0833";"0730";"0";"Dortha";"Jerde";"092 Deangelo Radial 2";"South Caleighview";"65246-0662";"+358274697813"
"63";"2022-06-26";"0645";"0753";"0";"Sanford";"Borer";"41320 Pfeffer View 61";"West Cristian";"13998";"+358417996643"
"46";"2022-06-25";"0717";"0842";"0";"Kristina";"Witting";"55211 Greenfelder Trail 3";"Cuyahoga Falls";"02929-8392";"+358502768166"
"140";"2022-06-25";"0857";"0652";"0";"Nick";"Davis";"6233 Julian Lock 8";"New Wilford";"04684";"+358719056144"
"75";"2022-06-25";"0817";"0734";"0";"Clyde";"Bednar";"5299 Nils Glen 4";"Bryan";"14083";"+358879456482"
"196";"2022-06-24";"0629";"0816";"0";"Tremayne";"Brakus";"405 Lisette Radial 78";"Pasco";"41634";"+358310100007"
"91";"2022-06-27";"0726";"0627";"0";"Antwan";"Greenfelder";"5530 Stefanie Stravenue 32";"South Jadonville";"44626-4615";"+358618512831"
"192";"2022-06-25";"0910";"0620";"0";"Emerald";"Schinner";"9809 Collier Inlet 51";"Chadhaven";"52723";"+358440612972"
"172";"2022-06-24";"0737";"0643";"0";"Chelsea";"Erdman";"1220 Donnelly Crescent 79";"Urbana";"43544";"+358375460078"
"16";"2022-06-26";"0647";"0621";"0";"Marcel";"Lubowitz";"961 Stokes Square 91";"Tyrellport";"46972";"+358047204731"
"30";"2022-06-25";"0915";"0728";"0";"Manley";"Lakin";"5964 Pollich Mountain 89";"Fisherfurt";"39613-4020";"+358310368573"
"115";"2022-06-26";"0625";"0638";"0";"Chesley";"Osinski";"069 Harvey Branch 85";"Lake Burleytown";"19533";"+358223510068"
"25";"2022-06-25";"0739";"0955";"0";"Vivienne";"Stamm";"24740 Jacobi Corners 98";"Cedar Hill";"65155-1892";"+358412417070"
"117";"2022-06-27";"0816";"0931";"0";"Weston";"McKenzie";"425 Pierre Overpass 87";"North Coopermouth";"22679";"+358502631990"
"30";"2022-06-24";"0748";"0642";"0";"Dereck";"Hagenes";"60414 Ford Coves 49";"Palatine";"65198";"+358359290048"
"33";"2022-06-27";"0739";"0657";"0";"Emery";"Witting";"311 Dicki Springs 79";"Gardena";"37368-6185";"+358803717700"
"101";"2022-06-25";"0853";"0851";"0";"Dawson";"Ebert";"7840 Toy Common 96";"Guyport";"43284";"+358453981442"
"19";"2022-06-25";"0743";"0810";"0";"Derrick";"Herzog";"8598 Cassin Court 18";"Fort Jocelyn";"77565";"+358562930587"
"193";"2022-06-26";"0857";"0721";"0";"Lyric";"McKenzie";"38920 Ramon Rue 51";"Mayerttown";"43130";"+358257734345"
"73";"2022-06-25";"0738";"0751";"0";"Reina";"Gislason";"895 Howe Square 74";"Neilbury";"21355-1674";"+358609713021"
"84";"2022-06-25";"0925";"0938";"0";"Amely";"Ziemann";"29638 Wiza Point 64";"Port Enoch";"37315-1531";"+358335528653"
"50";"2022-06-25";"0752";"0718";"0";"Elinore";"Homenick";"65186 Koss Track 65";"Sydniside";"00762-8893";"+358178207951"
"155";"2022-06-25";"0943";"0843";"0";"Francesca";"Dickinson";"6971 Shanna Knoll 15";"Earlstead";"12283";"+358668290711"
"159";"2022-06-26";"0610";"0829";"0";"Woodrow";"Kuhic";"84931 River Brook 1";"Guscester";"03357";"+358713498745"
"122";"2022-06-26";"0632";"0758";"0";"Mario";"Anderson";"289 Wyman Fords 51";"Brentwood";"24069-4635";"+358960875240"
"185";"2022-06-25";"0920";"0851";"0";"Lois";"Greenholt";"975 Donnelly Vista 73";"West Lesleyland";"72743";"+358270193862"
"198";"2022-06-25";"0912";"0623";"0";"Ryleigh";"Thompson";"021 Rau Haven 87";"Ernestinaville";"16623";"+358805721050"
"141";"2022-06-24";"0741";"0712";"0";"Annabell";"Dibbert";"118 Joesph Track 5";"Lake Cielo";"79570-5191";"+358323331653"
"22";"2022-06-25";"0655";"0721";"0";"Chasity";"Bogisich";"9505 Cynthia Falls 94";"Cummeratafort";"70861";"+358493064847"
"145";"2022-06-25";"0854";"0841";"0";"Demarcus";"Kohler";"8280 Enola Villages 4";"New Kelliemouth";"79306-0484";"+358647563644"
"60";"2022-06-26";"0919";"0817";"0";"Jaylen";"Wyman";"403 Javon Pines 80";"East Mackboro";"52760-8141";"+358630217143"
"151";"2022-06-24";"0859";"0755";"0";"Ken";"Gutmann";"471 Klein Fall 24";"South Jeaniemouth";"03131";"+358277988599"
"177";"2022-06-24";"0849";"0613";"0";"Ardith";"Greenfelder";"670 Narciso Skyway 60";"Luettgenville";"08755-6510";"+358418444455"
"32";"2022-06-26";"0743";"0740";"0";"Kasey";"Pfannerstill";"484 Lind Views 52";"Lake Jeraldside";"99256";"+358125558573"
"30";"2022-06-24";"0833";"0719";"0";"Ernestina";"O&#x27;Reilly";"339 Maggio Square 61";"Canton";"44829-1660";"+358504200551"
"143";"2022-06-25";"0725";"0921";"0";"Jayde";"Mosciski";"4533 Kling Path 21";"Sarasota";"16799-5296";"+358126640620"
"81";"2022-06-24";"0651";"0946";"0";"Diego";"Frami";"8346 Amparo Mountain 7";"Royal Oak";"40224";"+358123145649"
"80";"2022-06-27";"0750";"0740";"0";"Chesley";"Koepp";"1487 Dorothea Common 26";"Jalonview";"03441";"+358449371306"
"105";"2022-06-25";"0923";"0615";"0";"Buster";"Spencer";"510 Champlin Valley 28";"Ryanville";"42268-9928";"+358664912416"
"54";"2022-06-26";"0655";"0731";"0";"Lisandro";"Harris";"50679 Wisoky Tunnel 30";"Quigleyborough";"44416";"+358758685310"
"123";"2022-06-24";"0659";"0949";"0";"Cecil";"Padberg";"82205 Zena Unions 1";"North Sim";"12265-7546";"+358852781837"
"52";"2022-06-25";"0953";"0931";"0";"Mozell";"Sauer";"532 Myrna Well 53";"Corvallis";"25725";"+358938770240"
"64";"2022-06-27";"0912";"0713";"0";"Emery";"Okuneva";"3641 McCullough Roads 48";"West Hartford";"03721-5721";"+358128959827"
"2";"2022-06-26";"0718";"0928";"0";"Sedrick";"Parisian";"176 VonRueden Dam 45";"Terre Haute";"45234-1629";"+358073905318"
"106";"2022-06-27";"0919";"0834";"0";"Cyril";"Schinner";"02460 Madison Harbors 91";"Beierfort";"45291";"+358563469382"
